"date","market_excess","size","value","risk_free"
1926-07-01,0.0289,-0.0242,-0.0275,0.0022
1926-08-01,0.0264,-0.0144,0.0413,0.0025
1926-09-01,0.0038,-0.0136,5e-04,0.0023
1926-10-01,-0.0327,-0.0018,0.0078,0.0032
1926-11-01,0.0254,-0.0017,-0.0048,0.0031
1926-12-01,0.0262,-6e-04,0.001,0.0028
1927-01-01,-5e-04,-0.0047,0.0476,0.0025
1927-02-01,0.0417,-0.0023,0.0304,0.0026
1927-03-01,0.0014,-0.0201,-0.0232,0.003
1927-04-01,0.0047,0.0054,0.0062,0.0025
1927-05-01,0.0545,0.0149,0.0504,0.003
1927-06-01,-0.0238,0.0042,-0.0153,0.0026
1927-07-01,0.0726,-0.0327,-0.0113,0.003
1927-08-01,0.0199,-0.0077,-0.0385,0.0028
1927-09-01,0.0477,-0.036,-0.0057,0.0021
1927-10-01,-0.0429,0.0203,-0.0447,0.0025
1927-11-01,0.0652,0.0278,-8e-04,0.0021
1927-12-01,0.0209,0.0098,-0.0112,0.0022
1928-01-01,-0.0057,0.042,-0.0071,0.0025
1928-02-01,-0.0169,-0.0206,-0.0064,0.0033
1928-03-01,0.0879,-0.0038,-0.0111,0.0029
1928-04-01,0.0425,0.0414,0.0325,0.0022
1928-05-01,0.0152,0.027,-0.03,0.0032
1928-06-01,-0.049,-0.0376,0.0028,0.0031
1928-07-01,0.0063,-0.0136,-0.0054,0.0032
1928-08-01,0.0669,-0.0204,-0.0213,0.0032
1928-09-01,0.0287,0.024,0.0084,0.0027
1928-10-01,0.0131,0.0224,-0.0214,0.0041
1928-11-01,0.1182,-0.0182,0.0265,0.0038
1928-12-01,0.004,-0.0093,-0.0052,6e-04
1929-01-01,0.0466,-0.0335,-0.0122,0.0034
1929-02-01,-0.0034,-0.0033,0.0166,0.0036
1929-03-01,-0.0085,-0.0491,0.0157,0.0034
1929-04-01,0.0147,-0.0112,0.0093,0.0036
1929-05-01,-0.0638,-0.0544,-0.0152,0.0044
1929-06-01,0.097,-0.0214,-0.0274,0.0052
1929-07-01,0.0448,-0.0387,0.0267,0.0033
1929-08-01,0.0814,-0.0975,0.0032,0.004
1929-09-01,-0.0545,0.0134,-0.0079,0.0035
1929-10-01,-0.2007,-0.0495,0.0754,0.0046
1929-11-01,-0.1287,-0.0088,0.0505,0.0037
1929-12-01,0.0128,-0.041,-0.0014,0.0037
1930-01-01,0.0561,0.0349,-0.0103,0.0014
1930-02-01,0.025,0.0028,0.0028,0.003
1930-03-01,0.0709,0.0339,0.003,0.0035
1930-04-01,-0.0205,-0.0035,-0.0037,0.0021
1930-05-01,-0.0166,-0.021,-0.0074,0.0026
1930-06-01,-0.1608,-0.0359,0.024,0.0027
1930-07-01,0.0412,-0.0027,-0.017,0.002
1930-08-01,0.003,-0.0216,-0.0059,9e-04
1930-09-01,-0.1281,-0.0241,-0.0509,0.0022
1930-10-01,-0.0878,-0.002,-0.0109,9e-04
1930-11-01,-0.0304,0.0246,-0.0381,0.0013
1930-12-01,-0.0786,-0.0467,-0.0569,0.0014
1931-01-01,0.0625,0.0347,0.0824,0.0015
1931-02-01,0.1088,0.0345,0.0163,4e-04
1931-03-01,-0.0635,0.0283,-0.032,0.0013
1931-04-01,-0.1,-0.0422,-0.0433,8e-04
1931-05-01,-0.1329,0.0522,-0.0631,9e-04
1931-06-01,0.1393,-0.0501,0.117,8e-04
1931-07-01,-0.0663,0.0156,-0.023,6e-04
1931-08-01,0.004,-0.0205,-0.0176,3e-04
1931-09-01,-0.2874,-0.0108,-0.0713,3e-04
1931-10-01,0.0799,-0.0014,0.0288,0.001
1931-11-01,-0.0914,0.0441,-0.0521,0.0017
1931-12-01,-0.1352,-0.0075,-0.0939,0.0012
1932-01-01,-0.0157,0.0433,0.0986,0.0023
1932-02-01,0.0545,-0.026,-0.0132,0.0023
1932-03-01,-0.113,0.0221,-0.0233,0.0016
1932-04-01,-0.1794,0.0098,0.0198,0.0011
1932-05-01,-0.2051,0.0441,-0.0442,6e-04
1932-06-01,-0.0077,0.0027,0.0607,2e-04
1932-07-01,0.3361,-0.0429,0.3552,2e-04
1932-08-01,0.3712,0.1346,0.342,3e-04
1932-09-01,-0.0294,-0.0215,-0.0737,3e-04
1932-10-01,-0.1315,-0.0259,-0.1047,2e-04
1932-11-01,-0.0588,0.0183,-0.1319,2e-04
1932-12-01,0.0442,-0.083,-0.0754,1e-04
1933-01-01,0.0124,0.0073,0.0646,1e-04
1933-02-01,-0.1529,-0.0263,-0.0292,-3e-04
1933-03-01,0.0306,0.036,0.0709,4e-04
1933-04-01,0.3881,0.0302,0.201,0.001
1933-05-01,0.2143,0.3596,0.1866,4e-04
1933-06-01,0.131,0.0865,-0.0164,2e-04
1933-07-01,-0.0964,-0.0106,0.033,2e-04
1933-08-01,0.1204,-0.0516,0.0305,3e-04
1933-09-01,-0.1065,-0.0058,-0.1171,2e-04
1933-10-01,-0.0836,-7e-04,-0.0849,1e-04
1933-11-01,0.0997,-0.0637,0.0227,2e-04
1933-12-01,0.0182,0.0036,-0.0199,2e-04
1934-01-01,0.126,0.1321,0.162,5e-04
1934-02-01,-0.0251,0.0505,0.0186,2e-04
1934-03-01,9e-04,0.0245,-0.0259,2e-04
1934-04-01,-0.0179,0.0273,-0.0383,1e-04
1934-05-01,-0.0726,-0.0031,-0.059,1e-04
1934-06-01,0.0271,-0.0218,-0.0285,1e-04
1934-07-01,-0.1094,-0.0712,-0.1076,1e-04
1934-08-01,0.0558,0.0555,0.0017,1e-04
1934-09-01,-0.0024,-0.015,-0.0121,1e-04
1934-10-01,-0.0166,0.0123,-0.05,1e-04
1934-11-01,0.0833,0.066,-0.0214,1e-04
1934-12-01,0.0036,0.0328,-0.0316,1e-04
1935-01-01,-0.0346,0.0096,-0.0177,1e-04
1935-02-01,-0.0196,0.0032,-0.0748,2e-04
1935-03-01,-0.0371,-0.0343,-0.0503,1e-04
1935-04-01,0.0906,-0.0158,0.0437,1e-04
1935-05-01,0.0346,-0.032,0.0245,1e-04
1935-06-01,0.0593,-0.0253,-0.0152,1e-04
1935-07-01,0.0754,0.0202,0.0658,1e-04
1935-08-01,0.0265,0.0601,0.0629,1e-04
1935-09-01,0.0262,0.0155,-0.0412,1e-04
1935-10-01,0.0703,0.0267,-0.0233,1e-04
1935-11-01,0.0487,0.0465,0.122,2e-04
1935-12-01,0.0455,9e-04,0.0083,1e-04
1936-01-01,0.0689,0.056,0.1095,1e-04
1936-02-01,0.0249,0.0084,0.0433,1e-04
1936-03-01,0.0096,0.0069,-0.0159,2e-04
1936-04-01,-0.0814,-0.0599,-0.0228,2e-04
1936-05-01,0.0519,0.0089,0.0255,2e-04
1936-06-01,0.024,-0.0322,-0.0119,3e-04
1936-07-01,0.0668,0.0107,0.0253,1e-04
1936-08-01,0.0099,0.0061,0.0379,2e-04
1936-09-01,0.0097,0.0312,0.0094,1e-04
1936-10-01,0.071,-0.0235,0.0251,2e-04
1936-11-01,0.0326,0.087,-0.0125,1e-04
1936-12-01,0.002,0.0387,0.0414,0
1937-01-01,0.0335,0.0449,0.0278,1e-04
1937-02-01,0.0108,0.0064,0.0428,2e-04
1937-03-01,-0.0026,-0.0125,0.0704,1e-04
1937-04-01,-0.0736,-0.0372,-0.0346,3e-04
1937-05-01,-0.0083,-0.0069,-0.0346,6e-04
1937-06-01,-0.0423,-0.0391,-0.0312,3e-04
1937-07-01,0.0891,0.0088,0.0081,3e-04
1937-08-01,-0.0488,0.0045,-0.0225,2e-04
1937-09-01,-0.1362,-0.07,-0.0455,4e-04
1937-10-01,-0.0959,0.0045,-0.0152,2e-04
1937-11-01,-0.0833,-0.0356,0.0022,2e-04
1937-12-01,-0.0429,-0.0792,-0.0047,0
1938-01-01,0.0048,0.0484,-0.0153,0
1938-02-01,0.0585,0.0041,-0.0197,0
1938-03-01,-0.2391,-0.043,-0.0363,-1e-04
1938-04-01,0.1448,0.064,0.0045,1e-04
1938-05-01,-0.0386,-0.0247,-0.0024,0
1938-06-01,0.2389,0.0422,0.0037,0
1938-07-01,0.0733,0.0669,0.0228,-1e-04
1938-08-01,-0.0268,-0.0248,-0.0478,0
1938-09-01,0.0083,-0.0268,-0.017,2e-04
1938-10-01,0.078,0.0581,0.0504,1e-04
1938-11-01,-0.0174,-0.0255,-0.012,-6e-04
1938-12-01,0.0416,-0.0181,0.0054,0
1939-01-01,-0.0597,-0.0154,-0.0392,-1e-04
1939-02-01,0.0351,0.0061,0.0292,1e-04
1939-03-01,-0.1203,-0.0475,-0.0827,-1e-04
1939-04-01,-0.0018,0.0167,-0.003,0
1939-05-01,0.0681,0.028,0.0047,1e-04
1939-06-01,-0.0533,-0.0109,-0.0528,1e-04
1939-07-01,0.1022,0.0413,0.0031,0
1939-08-01,-0.0668,-0.0469,-0.0234,-1e-04
1939-09-01,0.1689,0.2061,0.2191,1e-04
1939-10-01,-0.0053,-0.0015,-0.0471,0
1939-11-01,-0.0365,-0.0518,-0.0626,0
1939-12-01,0.0293,0.0093,-0.0422,0
1940-01-01,-0.0241,0.004,-0.011,0
1940-02-01,0.0144,0.0222,0.0018,0
1940-03-01,0.0205,0.0127,-0.013,0
1940-04-01,0.0022,0.0402,-0.0026,0
1940-05-01,-0.22,-0.066,-0.038,-2e-04
1940-06-01,0.0669,-0.0173,0.0387,0
1940-07-01,0.0317,0.0099,-0.0075,1e-04
1940-08-01,0.0221,-0.0018,0.0055,-1e-04
1940-09-01,0.0239,0.032,-0.0114,0
1940-10-01,0.0303,0.0033,0.0465,0
1940-11-01,-0.0165,0.0198,0.0016,0
1940-12-01,0.0069,-0.0212,-0.0089,0
1941-01-01,-0.0418,0.0098,0.0383,-1e-04
1941-02-01,-0.0143,-0.0156,0.0089,-1e-04
1941-03-01,0.0084,9e-04,0.0305,1e-04
1941-04-01,-0.0546,-0.0167,0.0341,-1e-04
1941-05-01,0.0137,-0.0064,0.0061,0
1941-06-01,0.0583,0.0131,0.0061,0
1941-07-01,0.0587,0.0574,0.0724,3e-04
1941-08-01,-0.0017,-0.0043,-0.011,1e-04
1941-09-01,-0.0088,-0.0098,-0.0027,1e-04
1941-10-01,-0.0526,-0.0207,0.0163,0
1941-11-01,-0.0195,-0.0108,-0.006,0
1941-12-01,-0.0488,-0.0286,-0.0594,1e-04
1942-01-01,0.0079,0.0745,0.101,2e-04
1942-02-01,-0.0246,0.0174,-0.0115,1e-04
1942-03-01,-0.066,0.0187,-0.0061,1e-04
1942-04-01,-0.0437,-0.0044,0.0209,1e-04
1942-05-01,0.0596,-0.032,-0.0267,3e-04
1942-06-01,0.0268,-0.0128,0.0043,2e-04
1942-07-01,0.0351,-0.0015,0.0241,3e-04
1942-08-01,0.018,-8e-04,0.0133,3e-04
1942-09-01,0.0262,0.0064,0.0239,3e-04
1942-10-01,0.0682,0.0175,0.0647,3e-04
1942-11-01,0.0013,-0.0149,-0.0423,3e-04
1942-12-01,0.0514,-0.0255,0.0055,3e-04
1943-01-01,0.0713,0.0881,0.0823,3e-04
1943-02-01,0.0616,0.0484,0.0652,3e-04
1943-03-01,0.0603,0.0507,0.0549,3e-04
1943-04-01,0.0081,0.0207,0.0586,3e-04
1943-05-01,0.0575,0.044,0.0328,2e-04
1943-06-01,0.0182,-0.0103,-0.0075,3e-04
1943-07-01,-0.0478,-0.0231,-0.0223,3e-04
1943-08-01,0.013,-0.0064,-0.0047,3e-04
1943-09-01,0.024,0.013,0.0142,3e-04
1943-10-01,-0.0115,0.006,0.0168,3e-04
1943-11-01,-0.0593,-0.0157,-0.0399,3e-04
1943-12-01,0.0637,0.031,0.029,3e-04
1944-01-01,0.0174,0.0261,0.0229,3e-04
1944-02-01,0.0037,-8e-04,0.0085,3e-04
1944-03-01,0.0246,0.0165,0.0335,2e-04
1944-04-01,-0.0169,-0.0131,-0.0106,3e-04
1944-05-01,0.0508,0.0168,0.0103,3e-04
1944-06-01,0.0551,0.0411,0.0189,3e-04
1944-07-01,-0.0149,0.0058,-0.0042,3e-04
1944-08-01,0.0156,0.0237,-0.0144,3e-04
1944-09-01,2e-04,0.0048,-0.012,2e-04
1944-10-01,0.0016,-0.0016,-0.0036,3e-04
1944-11-01,0.0171,0.0035,0.0238,3e-04
1944-12-01,0.0404,0.0223,0.0587,2e-04
1945-01-01,0.0201,0.0245,0.0068,3e-04
1945-02-01,0.0623,0.0162,0.0443,2e-04
1945-03-01,-0.0391,-0.0166,-0.0157,2e-04
1945-04-01,0.078,0.0048,0.0311,3e-04
1945-05-01,0.0174,0.0153,0.0034,3e-04
1945-06-01,0.0039,0.0314,0.0427,2e-04
1945-07-01,-0.0217,-0.0145,-0.0273,3e-04
1945-08-01,0.0622,0.016,-0.044,3e-04
1945-09-01,0.0477,0.0174,0.0046,3e-04
1945-10-01,0.0389,0.0236,0.0214,3e-04
1945-11-01,0.054,0.0418,0.0435,2e-04
1945-12-01,0.0119,0.0216,-0.024,3e-04
1946-01-01,0.0624,0.0398,0.0228,3e-04
1946-02-01,-0.0584,-0.0068,-0.0127,3e-04
1946-03-01,0.0588,0.003,-0.0037,3e-04
1946-04-01,0.0423,0.0237,0.0046,3e-04
1946-05-01,0.0394,0.0148,0.011,3e-04
1946-06-01,-0.0389,-0.0155,-0.0053,3e-04
1946-07-01,-0.0269,-0.0191,5e-04,3e-04
1946-08-01,-0.0646,-0.018,0.006,3e-04
1946-09-01,-0.1018,-0.0443,-0.0197,3e-04
1946-10-01,-0.0144,0.0017,0.0345,3e-04
1946-11-01,-2e-04,-0.0037,0.0153,3e-04
1946-12-01,0.0497,0,-0.0141,3e-04
1947-01-01,0.0125,0.022,-0.0074,3e-04
1947-02-01,-0.0109,0.007,0.0014,3e-04
1947-03-01,-0.0168,-0.016,0.0061,3e-04
1947-04-01,-0.048,-0.0397,0.0085,3e-04
1947-05-01,-0.0096,-0.0327,0.0032,3e-04
1947-06-01,0.053,-0.0033,-0.0064,3e-04
1947-07-01,0.0413,0.0147,0.0276,3e-04
1947-08-01,-0.0174,0.0033,0.0014,3e-04
1947-09-01,-0.0054,0.0162,0.0136,6e-04
1947-10-01,0.0247,0.0052,0.0011,6e-04
1947-11-01,-0.0199,-0.0169,0.0107,6e-04
1947-12-01,0.0301,-0.0247,0.0374,8e-04
1948-01-01,-0.0393,0.0252,0.0138,7e-04
1948-02-01,-0.0438,-0.017,5e-04,7e-04
1948-03-01,0.0811,0.0012,0.0452,9e-04
1948-04-01,0.0365,-0.0164,0.0412,8e-04
1948-05-01,0.0732,0.0087,-0.0127,8e-04
1948-06-01,-0.0011,-0.0178,0.0284,9e-04
1948-07-01,-0.0508,-0.0038,0.0011,8e-04
1948-08-01,0.0024,-0.0113,0.0029,9e-04
1948-09-01,-0.0299,-0.0127,-0.0177,4e-04
1948-10-01,0.0596,-0.0148,0.0058,4e-04
1948-11-01,-0.0934,-0.0061,-0.0415,4e-04
1948-12-01,0.0326,-0.0285,-0.0195,4e-04
1949-01-01,0.0023,0.0171,0.0125,0.001
1949-02-01,-0.0293,-0.0187,-0.0089,9e-04
1949-03-01,0.0405,0.0248,0.0131,0.001
1949-04-01,-0.0187,-0.0092,-0.0112,9e-04
1949-05-01,-0.0298,-0.0078,-0.0239,0.001
1949-06-01,0.001,-0.0086,-0.0165,0.001
1949-07-01,0.0554,0.0055,0.0039,9e-04
1949-08-01,0.0259,0.0014,-0.0059,9e-04
1949-09-01,0.0309,0.0105,0.0023,9e-04
1949-10-01,0.0314,0.0103,-0.0049,9e-04
1949-11-01,0.0181,-0.0094,-0.009,8e-04
1949-12-01,0.0514,0.0208,0.0173,9e-04
1950-01-01,0.017,0.0334,0.0015,9e-04
1950-02-01,0.0148,2e-04,-0.0079,9e-04
1950-03-01,0.0126,-0.0143,-0.0278,0.001
1950-04-01,0.0394,0.02,0.0133,9e-04
1950-05-01,0.0432,-0.0213,0.0047,0.001
1950-06-01,-0.0596,-0.0241,-0.0079,0.001
1950-07-01,0.0137,0.0054,0.1369,0.001
1950-08-01,0.0486,0.0074,-0.0137,0.001
1950-09-01,0.0482,0.0059,-0.011,0.001
1950-10-01,-0.0019,-0.0066,0.0136,0.0012
1950-11-01,0.0274,-0.0089,0.0319,0.0011
1950-12-01,0.0557,0.0153,0.0727,0.0011
1951-01-01,0.057,0.0167,0.0379,0.0013
1951-02-01,0.014,0.0014,-0.0279,0.001
1951-03-01,-0.0216,-0.0066,-0.0426,0.0011
1951-04-01,0.0486,-0.0148,0.0326,0.0013
1951-05-01,-0.0236,-8e-04,-0.0142,0.0012
1951-06-01,-0.0263,-0.0196,-0.0398,0.0012
1951-07-01,0.0695,-0.0205,0.02,0.0013
1951-08-01,0.0429,0.0095,-0.0017,0.0013
1951-09-01,0.007,0.0186,0.0062,0.0012
1951-10-01,-0.0253,-0.0023,0.0018,0.0016
1951-11-01,0.0058,-0.0033,-8e-04,0.0011
1951-12-01,0.0333,-0.0224,-0.0155,0.0012
1952-01-01,0.0145,-0.0065,0.0148,0.0015
1952-02-01,-0.0264,0.0085,-0.0062,0.0012
1952-03-01,0.0444,-0.0297,0.0223,0.0011
1952-04-01,-0.0497,0.0049,-3e-04,0.0012
1952-05-01,0.032,-0.01,2e-04,0.0013
1952-06-01,0.0384,-0.0163,0.0124,0.0015
1952-07-01,0.0091,-0.0041,-0.0032,0.0015
1952-08-01,-0.0077,0.0115,9e-04,0.0015
1952-09-01,-0.0204,0.0109,-0.0142,0.0016
1952-10-01,-0.0066,-0.0103,-0.0055,0.0014
1952-11-01,0.0596,-0.0072,0.0102,0.001
1952-12-01,0.0293,-0.0151,0.0019,0.0016
1953-01-01,-0.0034,0.0354,0.0128,0.0016
1953-02-01,-0.0027,0.0222,-5e-04,0.0014
1953-03-01,-0.0144,-0.0021,-0.0084,0.0018
1953-04-01,-0.0283,0.0026,0.0155,0.0016
1953-05-01,0.0051,-5e-04,0.0025,0.0017
1953-06-01,-0.0189,-0.0189,-0.005,0.0018
1953-07-01,0.024,-0.0104,-0.0025,0.0015
1953-08-01,-0.0456,0.0037,-0.0352,0.0017
1953-09-01,0.0021,-0.0085,-0.0244,0.0016
1953-10-01,0.046,-0.0136,-0.0019,0.0013
1953-11-01,0.0284,-0.013,-0.0015,8e-04
1953-12-01,2e-04,-0.0085,-0.0283,0.0013
1954-01-01,0.0513,0.005,0.0345,0.0011
1954-02-01,0.0167,-0.0018,-0.0027,7e-04
1954-03-01,0.0366,-0.005,-0.0145,8e-04
1954-04-01,0.0427,-0.0347,-0.0037,9e-04
1954-05-01,0.031,0.0039,0.0245,5e-04
1954-06-01,0.0108,0.0038,2e-04,6e-04
1954-07-01,0.05,0.0105,0.0414,5e-04
1954-08-01,-0.0235,0.0268,-0.0142,5e-04
1954-09-01,0.064,-0.0256,0.0068,9e-04
1954-10-01,-0.0167,0.0061,0.0064,7e-04
1954-11-01,0.0941,-0.0265,0.0445,6e-04
1954-12-01,0.0549,0.0218,0.0568,8e-04
1955-01-01,0.006,0.0024,0.021,8e-04
1955-02-01,0.0302,0.0155,0.0061,9e-04
1955-03-01,-0.0015,-0.0065,0.0193,0.001
1955-04-01,0.0311,-0.0175,0.0075,0.001
1955-05-01,0.0094,-0.0025,-0.0096,0.0014
1955-06-01,0.0655,-0.0461,0.0185,0.001
1955-07-01,0.0189,-0.012,0.0043,0.001
1955-08-01,0.0022,-0.0047,0.0075,0.0016
1955-09-01,-0.0037,0.003,-0.01,0.0016
1955-10-01,-0.0267,0.0147,-7e-04,0.0018
1955-11-01,0.0704,-0.022,0.0033,0.0017
1955-12-01,0.0149,0.0198,-0.0213,0.0018
1956-01-01,-0.0303,0.005,0.008,0.0022
1956-02-01,0.0378,-0.0097,-0.0041,0.0019
1956-03-01,0.0664,-0.0212,-0.0048,0.0015
1956-04-01,0.0028,-3e-04,-0.0014,0.0019
1956-05-01,-0.0522,0.0149,-0.0134,0.0023
1956-06-01,0.0347,-0.0153,-0.0107,0.002
1956-07-01,0.0484,-0.0168,-6e-04,0.0022
1956-08-01,-0.0319,0.0189,-0.0073,0.0017
1956-09-01,-0.0514,0.0158,0.0176,0.0018
1956-10-01,0.0052,-0.001,-6e-04,0.0025
1956-11-01,0.0035,-0.0021,0.0176,0.002
1956-12-01,0.0316,-4e-04,-0.0215,0.0024
1957-01-01,-0.0357,0.0338,0.0283,0.0027
1957-02-01,-0.0207,-0.0076,-0.0066,0.0024
1957-03-01,0.0213,0.0032,-0.0054,0.0023
1957-04-01,0.0426,-0.016,-0.0148,0.0025
1957-05-01,0.0346,-0.0109,-0.0201,0.0026
1957-06-01,-0.0075,0.0057,-2e-04,0.0024
1957-07-01,0.0066,-0.008,0.0048,0.003
1957-08-01,-0.0512,6e-04,-0.0045,0.0025
1957-09-01,-0.0599,6e-04,0.0095,0.0026
1957-10-01,-0.0432,-0.0246,-0.0188,0.0029
1957-11-01,0.0231,0.004,-0.0291,0.0028
1957-12-01,-0.039,-0.0091,-0.0176,0.0024
1958-01-01,0.0465,0.0429,0.0434,0.0028
1958-02-01,-0.0153,0.0075,0.0023,0.0012
1958-03-01,0.0327,0.0069,-0.0103,9e-04
1958-04-01,0.0309,-0.0069,0.0164,8e-04
1958-05-01,0.0232,0.0216,-0.002,0.0011
1958-06-01,0.0293,-0.0014,0.0031,3e-04
1958-07-01,0.0439,0.0051,0.0307,7e-04
1958-08-01,0.019,0.0115,0.0033,4e-04
1958-09-01,0.0466,0.0011,0.028,0.0019
1958-10-01,0.0253,0.0108,-0.0113,0.0018
1958-11-01,0.0301,0.02,-0.0117,0.0011
1958-12-01,0.0516,-0.0207,6e-04,0.0022
1959-01-01,0.0071,0.0303,0.0292,0.0021
1959-02-01,0.0095,0.0148,0.0115,0.0019
1959-03-01,0.0028,0.0147,-0.0034,0.0022
1959-04-01,0.0366,-0.0061,-0.0124,0.002
1959-05-01,0.0173,-0.0216,0.018,0.0022
1959-06-01,-0.0024,0.0069,0.0132,0.0024
1959-07-01,0.0318,-0.0035,0.0027,0.0025
1959-08-01,-0.0138,-0.0078,0.0044,0.0019
1959-09-01,-0.0481,-0.0015,0.0053,0.0031
1959-10-01,0.0128,0.0152,-0.021,0.003
1959-11-01,0.016,0.0126,-0.0322,0.0026
1959-12-01,0.0246,-0.0063,-1e-04,0.0034
1960-01-01,-0.0698,0.0212,0.0265,0.0033
1960-02-01,0.0116,0.006,-0.0197,0.0029
1960-03-01,-0.0163,-0.0055,-0.0275,0.0035
1960-04-01,-0.0171,0.0022,-0.0214,0.0019
1960-05-01,0.0312,0.0129,-0.0373,0.0027
1960-06-01,0.0208,-0.0028,-0.0027,0.0024
1960-07-01,-0.0237,-0.0052,0.0208,0.0013
1960-08-01,0.03,0.007,-0.0022,0.0017
1960-09-01,-0.06,-0.0113,0.0166,0.0016
1960-10-01,-0.0071,-0.0403,0.0275,0.0022
1960-11-01,0.0469,0.0036,-0.0237,0.0013
1960-12-01,0.0473,-0.0159,-0.0076,0.0016
1961-01-01,0.062,0.0063,0.0362,0.0019
1961-02-01,0.0357,0.0388,-0.0059,0.0014
1961-03-01,0.0289,0.0323,-0.0083,0.002
1961-04-01,0.0029,9e-04,0.0209,0.0017
1961-05-01,0.024,0.0196,0.0044,0.0018
1961-06-01,-0.0308,-0.025,-0.0012,0.002
1961-07-01,0.0283,-0.0193,-8e-04,0.0018
1961-08-01,0.0257,-0.0171,-0.0029,0.0014
1961-09-01,-0.0215,-0.0107,-0.0061,0.0017
1961-10-01,0.0258,-0.0165,0.0014,0.0019
1961-11-01,0.0445,0.0126,-0.012,0.0015
1961-12-01,-0.0017,-0.0086,0.018,0.0019
1962-01-01,-0.0387,0.0177,0.0511,0.0024
1962-02-01,0.0181,-0.0117,0.0086,0.002
1962-03-01,-0.0068,0.0066,-0.0159,0.002
1962-04-01,-0.0659,-0.008,0.0016,0.0022
1962-05-01,-0.0866,-0.0313,0.0276,0.0024
1962-06-01,-0.085,-0.0044,0.0242,0.002
1962-07-01,0.0627,0.0152,-0.0337,0.0027
1962-08-01,0.0213,0.0122,-0.0112,0.0023
1962-09-01,-0.0522,-0.024,0.0133,0.0021
1962-10-01,-5e-04,-0.0395,0.013,0.0026
1962-11-01,0.1089,0.025,0.0085,0.002
1962-12-01,0.0101,-0.0376,0.0032,0.0023
1963-01-01,0.0494,0.0301,0.0224,0.0025
1963-02-01,-0.024,0.0046,0.0215,0.0023
1963-03-01,0.0308,-0.0258,0.021,0.0023
1963-04-01,0.0451,-0.0126,0.01,0.0025
1963-05-01,0.0176,0.0108,0.0255,0.0024
1963-06-01,-0.02,-0.0032,0.0065,0.0023
1963-07-01,-0.0039,-0.0057,-0.0084,0.0027
1963-08-01,0.0508,-0.0095,0.0172,0.0025
1963-09-01,-0.0157,-0.0025,-2e-04,0.0027
1963-10-01,0.0254,-0.0057,-3e-04,0.0029
1963-11-01,-0.0086,-0.0116,0.0178,0.0027
1963-12-01,0.0183,-0.0196,-0.0021,0.0029
1964-01-01,0.0224,-0.0024,0.0158,0.003
1964-02-01,0.0155,0.0011,0.0277,0.0026
1964-03-01,0.0141,0.0095,0.033,0.0031
1964-04-01,0.001,-0.0135,-0.0056,0.0029
1964-05-01,0.0141,-0.0084,0.0182,0.0026
1964-06-01,0.0127,-0.0023,0.0069,0.003
1964-07-01,0.0174,0.002,0.0079,0.003
1964-08-01,-0.0144,3e-04,7e-04,0.0028
1964-09-01,0.0269,-0.0062,0.0172,0.0028
1964-10-01,0.006,0.005,0.0108,0.0029
1964-11-01,-1e-04,0.0068,-0.0204,0.0029
1964-12-01,4e-04,-0.0027,-0.0243,0.0031
1965-01-01,0.0354,0.0253,0.0036,0.0028
1965-02-01,0.0044,0.0332,0.0022,0.003
1965-03-01,-0.0134,0.0181,0.0115,0.0036
1965-04-01,0.0311,0.0111,0.0073,0.0031
1965-05-01,-0.0078,5e-04,-0.0155,0.0031
1965-06-01,-0.0551,-0.0407,0.0023,0.0035
1965-07-01,0.0144,0.0086,0.0219,0.0031
1965-08-01,0.0273,0.0285,-0.0098,0.0033
1965-09-01,0.0286,0.0063,-0.0014,0.0031
1965-10-01,0.026,0.0252,0.0155,0.0031
1965-11-01,-3e-04,0.0469,0.0016,0.0035
1965-12-01,0.0101,0.0207,0.0215,0.0033
1966-01-01,0.0072,0.0402,0.0327,0.0038
1966-02-01,-0.0121,0.0444,0.0038,0.0035
1966-03-01,-0.0251,0.0086,-0.0213,0.0038
1966-04-01,0.0213,0.0344,-0.0036,0.0034
1966-05-01,-0.0567,-0.046,-0.016,0.0041
1966-06-01,-0.0144,0.0102,0.0049,0.0038
1966-07-01,-0.0163,-0.0034,0.0091,0.0035
1966-08-01,-0.0794,-0.0327,0.0051,0.0041
1966-09-01,-0.0106,-0.0099,0.0047,0.004
1966-10-01,0.0386,-0.0656,0.0268,0.0045
1966-11-01,0.0138,0.0416,-0.0474,0.004
1966-12-01,0.0013,0.0199,-0.0107,0.004
1967-01-01,0.0815,0.0823,0.0222,0.0043
1967-02-01,0.0077,0.0333,-0.0225,0.0036
1967-03-01,0.0399,0.0154,0.0041,0.0039
1967-04-01,0.0389,0.0043,-0.0227,0.0032
1967-05-01,-0.0432,0.0209,0.0084,0.0033
1967-06-01,0.0242,0.0588,0.0078,0.0027
1967-07-01,0.0458,0.0319,0.0278,0.0032
1967-08-01,-0.009,0.0043,0.0143,0.0031
1967-09-01,0.031,0.0302,-0.0242,0.0032
1967-10-01,-0.0308,0.0147,-0.0329,0.0039
1967-11-01,0.0037,0.0017,-0.017,0.0036
1967-12-01,0.0305,0.0565,-0.0059,0.0033
1968-01-01,-0.0403,0.0399,0.0485,0.004
1968-02-01,-0.0374,-0.0295,0.0125,0.0039
1968-03-01,0.0021,-0.0128,-0.0066,0.0038
1968-04-01,0.0902,0.0567,-0.0111,0.0043
1968-05-01,0.0228,0.0631,0.0079,0.0045
1968-06-01,0.007,-0.0018,0.0065,0.0043
1968-07-01,-0.0269,-0.0127,0.0533,0.0048
1968-08-01,0.0135,0.0239,0.0098,0.0042
1968-09-01,0.0405,0.0274,0.003,0.0043
1968-10-01,0.0043,-0.0052,0.0282,0.0044
1968-11-01,0.0543,0.0233,-0.0095,0.0042
1968-12-01,-0.0393,0.0338,4e-04,0.0043
1969-01-01,-0.0125,-0.0062,0.0167,0.0053
1969-02-01,-0.0586,-0.0396,0.0088,0.0046
1969-03-01,0.0266,-0.0026,-0.0043,0.0046
1969-04-01,0.0146,-0.0082,3e-04,0.0053
1969-05-01,-9e-04,-0.0031,0.0062,0.0048
1969-06-01,-0.0719,-0.0535,-0.0109,0.0051
1969-07-01,-0.07,-0.0324,0.0118,0.0053
1969-08-01,0.0469,0.0081,-0.0375,0.005
1969-09-01,-0.0297,0.0123,-0.0322,0.0062
1969-10-01,0.0506,0.0392,-0.0312,0.006
1969-11-01,-0.038,-0.0255,-0.0125,0.0052
1969-12-01,-0.0263,-0.0368,-0.0288,0.0064
1970-01-01,-0.081,0.0291,0.0317,0.006
1970-02-01,0.0514,-0.0239,0.0369,0.0062
1970-03-01,-0.0106,-0.0231,0.0408,0.0057
1970-04-01,-0.1099,-0.0614,0.0614,0.005
1970-05-01,-0.069,-0.0461,0.0332,0.0053
1970-06-01,-0.058,-0.0208,0.0044,0.0058
1970-07-01,0.0692,-0.0054,0.0088,0.0052
1970-08-01,0.045,0.0148,0.0139,0.0053
1970-09-01,0.0418,0.0863,-0.0544,0.0054
1970-10-01,-0.0227,-0.0417,0.0023,0.0046
1970-11-01,0.0462,-0.0397,0.0156,0.0046
1970-12-01,0.0574,0.0282,0.0107,0.0042
1971-01-01,0.0483,0.0727,0.0157,0.0038
1971-02-01,0.0141,0.0186,-0.0125,0.0033
1971-03-01,0.0412,0.026,-0.04,0.003
1971-04-01,0.0315,-0.0049,0.0089,0.0028
1971-05-01,-0.0399,-0.0103,-0.0133,0.0029
1971-06-01,-9e-04,-0.0153,-0.0198,0.0037
1971-07-01,-0.0449,-0.0151,-2e-04,0.004
1971-08-01,0.0379,-0.0022,0.0264,0.0047
1971-09-01,-0.0086,0.005,-0.029,0.0037
1971-10-01,-0.0442,-0.0175,-0.0051,0.0037
1971-11-01,-0.0046,-0.0277,-0.0167,0.0037
1971-12-01,0.0871,0.0329,-0.0038,0.0037
1972-01-01,0.0247,0.0584,0.0212,0.0029
1972-02-01,0.0287,0.0132,-0.0283,0.0025
1972-03-01,0.0062,-0.0029,-0.0161,0.0027
1972-04-01,0.0029,0.0016,3e-04,0.0029
1972-05-01,0.0129,-0.0271,-0.0272,0.003
1972-06-01,-0.0243,0.0028,-0.0246,0.0029
1972-07-01,-0.008,-0.029,0.006,0.0031
1972-08-01,0.0327,-0.0399,0.0456,0.0029
1972-09-01,-0.0114,-0.0266,0.0049,0.0034
1972-10-01,0.0052,-0.0273,0.0122,0.004
1972-11-01,0.046,-0.0118,0.0488,0.0037
1972-12-01,0.0062,-0.0195,-0.0218,0.0037
1973-01-01,-0.0327,-0.0349,0.027,0.0044
1973-02-01,-0.0485,-0.0389,0.0164,0.0042
1973-03-01,-0.013,-0.0278,0.0257,0.0046
1973-04-01,-0.0568,-0.0384,0.0539,0.0052
1973-05-01,-0.0297,-0.0627,0.0038,0.0051
1973-06-01,-0.0157,-0.0284,0.0114,0.0051
1973-07-01,0.0504,0.0792,-0.0526,0.0064
1973-08-01,-0.0382,-0.02,0.0103,0.007
1973-09-01,0.0474,0.0293,0.0222,0.0068
1973-10-01,-0.0083,-0.0021,0.0166,0.0065
1973-11-01,-0.1278,-0.0772,0.0409,0.0056
1973-12-01,0.0059,-0.054,0.0401,0.0064
1974-01-01,-0.0016,0.0968,0.0595,0.0063
1974-02-01,-0.0046,0,0.0247,0.0058
1974-03-01,-0.0282,0.025,-0.0014,0.0056
1974-04-01,-0.0528,-0.0068,0.0092,0.0075
1974-05-01,-0.047,-0.0293,-0.0208,0.0075
1974-06-01,-0.0284,-0.0024,0.0083,0.006
1974-07-01,-0.0806,0.0078,0.0516,0.007
1974-08-01,-0.0939,-0.0069,0.0261,0.006
1974-09-01,-0.1179,0.0027,0.0543,0.0081
1974-10-01,0.1611,-0.0343,-0.0991,0.0051
1974-11-01,-0.0453,-0.0117,-0.0025,0.0054
1974-12-01,-0.0344,-0.0474,0.0012,0.007
1975-01-01,0.1367,0.1106,0.0826,0.0058
1975-02-01,0.0556,0.0012,-0.0447,0.0043
1975-03-01,0.0266,0.0375,0.0242,0.0041
1975-04-01,0.0422,-0.0064,-0.0113,0.0044
1975-05-01,0.052,0.0393,-0.0405,0.0044
1975-06-01,0.0487,0.0081,0.0135,0.0041
1975-07-01,-0.066,0.0266,0.0176,0.0048
1975-08-01,-0.0284,-0.0317,-0.0091,0.0048
1975-09-01,-0.0426,-0.0016,0.0033,0.0053
1975-10-01,0.0532,-0.0408,0.0035,0.0056
1975-11-01,0.0265,-0.0122,0.0203,0.0041
1975-12-01,-0.016,-0.0087,0.017,0.0048
1976-01-01,0.1215,0.0487,0.0863,0.0047
1976-02-01,0.0031,0.0697,0.0571,0.0034
1976-03-01,0.0232,-0.0117,-0.0011,0.004
1976-04-01,-0.0149,-8e-04,-0.0016,0.0042
1976-05-01,-0.0134,-0.0119,-0.0129,0.0037
1976-06-01,0.0406,-0.0132,0.0073,0.0043
1976-07-01,-0.0106,0.0028,0.0174,0.0047
1976-08-01,-0.0057,-0.0205,0.0079,0.0042
1976-09-01,0.0206,8e-04,-0.0031,0.0044
1976-10-01,-0.0242,0.0014,-0.0017,0.0041
1976-11-01,0.0036,0.0234,0.0153,0.004
1976-12-01,0.0565,0.0303,0.0223,0.004
1977-01-01,-0.0403,0.0475,0.0432,0.0036
1977-02-01,-0.0194,0.0103,0.0045,0.0035
1977-03-01,-0.0135,0.0099,0.0109,0.0038
1977-04-01,0.0015,-0.0013,0.0338,0.0038
1977-05-01,-0.0147,0.0125,0.0081,0.0037
1977-06-01,0.0472,0.0207,-0.0062,0.004
1977-07-01,-0.0169,0.0209,-0.006,0.0042
1977-08-01,-0.0176,0.0155,-0.0277,0.0044
1977-09-01,-0.0027,0.015,-0.0026,0.0043
1977-10-01,-0.0439,0.0119,0.0162,0.0049
1977-11-01,0.04,0.0368,0.0023,0.005
1977-12-01,0.0027,0.0136,-0.0029,0.0049
1978-01-01,-0.06,0.0228,0.0338,0.0049
1978-02-01,-0.0139,0.0359,0.0081,0.0046
1978-03-01,0.0285,0.0344,0.0115,0.0053
1978-04-01,0.0787,0.0036,-0.0354,0.0054
1978-05-01,0.0176,0.0453,-0.0055,0.0051
1978-06-01,-0.0169,0.0174,0.006,0.0054
1978-07-01,0.0512,0.0029,-0.01,0.0056
1978-08-01,0.0378,0.0506,-0.0066,0.0056
1978-09-01,-0.0144,-0.0049,0.0188,0.0062
1978-10-01,-0.119,-0.0989,0.0126,0.0068
1978-11-01,0.0271,0.0306,-0.0208,0.007
1978-12-01,0.0087,0.0119,-0.0214,0.0078
1979-01-01,0.0422,0.0355,0.0219,0.0077
1979-02-01,-0.0356,0.0044,0.0117,0.0073
1979-03-01,0.0567,0.032,-0.0068,0.0081
1979-04-01,-7e-04,0.0217,0.0112,0.008
1979-05-01,-0.022,0.0021,0.0132,0.0082
1979-06-01,0.0384,0.0113,0.0142,0.0081
1979-07-01,0.0083,0.0129,0.0178,0.0077
1979-08-01,0.0554,0.0198,-0.0158,0.0077
1979-09-01,-0.0083,-0.0026,-0.0094,0.0083
1979-10-01,-0.081,-0.0338,-0.0183,0.0087
1979-11-01,0.0522,0.0281,-0.0321,0.0099
1979-12-01,0.0178,0.0413,-0.0213,0.0095
1980-01-01,0.055,0.0162,0.0185,0.008
1980-02-01,-0.0123,-0.0186,0.0059,0.0089
1980-03-01,-0.129,-0.067,-0.0096,0.0121
1980-04-01,0.0395,0.0105,0.0103,0.0126
1980-05-01,0.0526,0.0205,0.0038,0.0081
1980-06-01,0.0298,0.0166,-0.008,0.0061
1980-07-01,0.0651,0.041,-0.0629,0.0053
1980-08-01,0.0175,0.039,-0.0246,0.0064
1980-09-01,0.0219,0.0096,-0.0461,0.0075
1980-10-01,0.0104,0.0239,-0.0293,0.0095
1980-11-01,0.096,-0.0327,-0.0811,0.0096
1980-12-01,-0.0446,-0.0028,0.028,0.0131
1981-01-01,-0.0506,0.0291,0.0674,0.0104
1981-02-01,0.0061,-0.0047,0.0097,0.0107
1981-03-01,0.0367,0.0334,0.0061,0.0121
1981-04-01,-0.0216,0.045,0.0228,0.0108
1981-05-01,0.0013,0.0194,-0.0043,0.0115
1981-06-01,-0.0234,-0.0083,0.0514,0.0135
1981-07-01,-0.0155,-0.0207,-0.0061,0.0124
1981-08-01,-0.0702,-0.0195,0.0471,0.0128
1981-09-01,-0.0719,-0.0268,0.0511,0.0124
1981-10-01,0.0492,0.0213,-0.0409,0.0121
1981-11-01,0.034,-0.0109,0.0191,0.0107
1981-12-01,-0.0363,0.0118,0.0079,0.0087
1982-01-01,-0.0323,-0.0125,0.0319,0.008
1982-02-01,-0.0586,0.0046,0.0609,0.0092
1982-03-01,-0.0182,-0.0019,0.0376,0.0098
1982-04-01,0.0324,0.0164,-0.0308,0.0113
1982-05-01,-0.0393,0.0017,0.0178,0.0106
1982-06-01,-0.0308,-0.0043,0.0156,0.0096
1982-07-01,-0.032,0.0091,7e-04,0.0105
1982-08-01,0.1123,-0.0428,0.0109,0.0076
1982-09-01,0.0131,0.0287,0.0023,0.0051
1982-10-01,0.113,0.0238,-0.0362,0.0059
1982-11-01,0.0468,0.0463,-0.018,0.0063
1982-12-01,0.0056,-0.0031,-6e-04,0.0067
1983-01-01,0.0359,0.0282,-0.0072,0.0069
1983-02-01,0.0259,0.0318,0.0066,0.0062
1983-03-01,0.0281,0.0175,0.0206,0.0063
1983-04-01,0.0666,0.0046,0.0043,0.0071
1983-05-01,0.0051,0.062,-0.014,0.0069
1983-06-01,0.0307,0.0093,-0.0389,0.0067
1983-07-01,-0.0406,0.015,0.0555,0.0074
1983-08-01,-0.005,-0.0429,0.0559,0.0076
1983-09-01,0.0092,0.0061,0.0099,0.0076
1983-10-01,-0.0343,-0.0355,0.0496,0.0076
1983-11-01,0.0217,0.0202,-0.0073,0.007
1983-12-01,-0.0177,-0.0025,0.0175,0.0073
1984-01-01,-0.0192,-0.0035,0.0748,0.0076
1984-02-01,-0.0477,-0.0168,0.0341,0.0071
1984-03-01,0.0065,0.001,0.0053,0.0073
1984-04-01,-0.0051,-0.0116,0.0119,0.0081
1984-05-01,-0.0598,7e-04,0.0026,0.0078
1984-06-01,0.0181,-0.0024,-0.0275,0.0075
1984-07-01,-0.0272,-0.0221,0.0031,0.0082
1984-08-01,0.1027,-0.0028,-0.018,0.0083
1984-09-01,-0.008,0.0012,0.052,0.0086
1984-10-01,-0.0084,-0.0112,0.0062,0.01
1984-11-01,-0.0177,-0.0072,0.0386,0.0073
1984-12-01,0.0184,-0.0067,-0.0033,0.0064
1985-01-01,0.0797,0.0331,-0.0514,0.0065
1985-02-01,0.0122,0.0068,-0.0028,0.0058
1985-03-01,-0.0083,-0.0112,0.0395,0.0062
1985-04-01,-0.0096,0.0013,0.0361,0.0072
1985-05-01,0.0507,-0.023,-0.0097,0.0066
1985-06-01,0.0127,0.0045,0.0033,0.0055
1985-07-01,-0.0072,0.0283,-0.0162,0.0062
1985-08-01,-0.0101,-0.003,0.0234,0.0055
1985-09-01,-0.0451,-0.0162,0.0121,0.006
1985-10-01,0.04,-0.015,0.0077,0.0065
1985-11-01,0.0646,0.0019,-0.0291,0.0061
1985-12-01,0.0388,-0.0053,-0.0146,0.0065
1986-01-01,0.0065,0.0115,0.0046,0.0056
1986-02-01,0.0714,-0.0057,-0.0063,0.0053
1986-03-01,0.0491,-0.0054,-0.0039,0.006
1986-04-01,-0.0128,0.0276,-0.0281,0.0052
1986-05-01,0.0462,-0.0136,-0.0014,0.0049
1986-06-01,0.0106,-0.0093,0.012,0.0052
1986-07-01,-0.0643,-0.0343,0.0466,0.0052
1986-08-01,0.0607,-0.0416,0.0354,0.0046
1986-09-01,-0.0859,0.024,0.0323,0.0045
1986-10-01,0.0464,-0.0253,-0.0142,0.0046
1986-11-01,0.0117,-0.0187,-2e-04,0.0039
1986-12-01,-0.0326,0.0019,0.0036,0.0049
1987-01-01,0.1245,-0.0189,-0.0318,0.0042
1987-02-01,0.0438,0.0345,-0.0586,0.0043
1987-03-01,0.0163,0.005,0.0166,0.0047
1987-04-01,-0.0209,-0.0172,-0.0036,0.0044
1987-05-01,0.0011,-0.0053,0.0022,0.0038
1987-06-01,0.0391,-0.0203,0.0113,0.0048
1987-07-01,0.0384,-0.0057,0.0094,0.0046
1987-08-01,0.0352,-0.0085,-0.0098,0.0047
1987-09-01,-0.0258,0.0058,0.0026,0.0045
1987-10-01,-0.2319,-0.0827,0.0418,0.006
1987-11-01,-0.0776,0.0268,0.0314,0.0035
1987-12-01,0.0682,3e-04,-0.0442,0.0039
1988-01-01,0.0421,-0.0075,0.0493,0.0029
1988-02-01,0.0477,0.0333,-0.0153,0.0046
1988-03-01,-0.0226,0.0601,0.0086,0.0044
1988-04-01,0.0057,0.0091,0.0151,0.0046
1988-05-01,-0.0027,-0.0254,0.0244,0.0051
1988-06-01,0.0478,0.0202,-0.0135,0.0049
1988-07-01,-0.0125,-0.0024,0.0218,0.0051
1988-08-01,-0.0331,8e-04,0.0216,0.0059
1988-09-01,0.0331,-0.0137,-0.0079,0.0062
1988-10-01,0.0116,-0.0294,0.02,0.0061
1988-11-01,-0.0227,-0.0166,0.0144,0.0057
1988-12-01,0.0148,0.0191,-0.0183,0.0063
1989-01-01,0.0607,-0.022,0.0059,0.0055
1989-02-01,-0.0223,0.0283,0.0101,0.0061
1989-03-01,0.0157,0.007,0.0052,0.0067
1989-04-01,0.0435,-0.0065,-0.0144,0.0067
1989-05-01,0.0328,-8e-04,-0.009,0.0079
1989-06-01,-0.0133,-0.0095,0.0223,0.0071
1989-07-01,0.0718,-0.0411,-0.028,0.007
1989-08-01,0.0143,0.0057,0.0062,0.0074
1989-09-01,-0.0076,0.003,-0.0127,0.0065
1989-10-01,-0.0365,-0.0324,-0.0116,0.0068
1989-11-01,0.0104,-0.0119,-0.0113,0.0069
1989-12-01,0.0118,-0.0237,0.0015,0.0061
1990-01-01,-0.078,-0.0114,0.0083,0.0057
1990-02-01,0.0112,0.0097,0.0065,0.0057
1990-03-01,0.0183,0.0147,-0.029,0.0064
1990-04-01,-0.0336,-0.0047,-0.0257,0.0069
1990-05-01,0.0843,-0.0256,-0.0389,0.0068
1990-06-01,-0.0109,0.0135,-0.02,0.0063
1990-07-01,-0.019,-0.0309,-6e-04,0.0068
1990-08-01,-0.1012,-0.035,0.0156,0.0066
1990-09-01,-0.0611,-0.0364,0.0059,0.006
1990-10-01,-0.0192,-0.0552,8e-04,0.0068
1990-11-01,0.0635,0.0042,-0.0297,0.0057
1990-12-01,0.0246,0.0079,-0.0157,0.006
1991-01-01,0.0469,0.0378,-0.0148,0.0052
1991-02-01,0.0719,0.0401,-0.0062,0.0048
1991-03-01,0.0266,0.0388,-0.013,0.0044
1991-04-01,-0.0028,0.005,0.0149,0.0053
1991-05-01,0.0366,-0.0039,-0.0052,0.0047
1991-06-01,-0.0494,0.0018,0.0108,0.0042
1991-07-01,0.0424,-0.0096,-0.013,0.0049
1991-08-01,0.0232,0.0158,-0.0079,0.0046
1991-09-01,-0.0159,0.0168,-0.0123,0.0046
1991-10-01,0.0129,0.0077,-0.0043,0.0042
1991-11-01,-0.042,-0.0051,-0.0177,0.0039
1991-12-01,0.1085,-0.0226,-0.0423,0.0038
1992-01-01,-0.0059,0.0848,0.0467,0.0034
1992-02-01,0.0108,0.0083,0.0651,0.0028
1992-03-01,-0.0265,-0.0097,0.0349,0.0034
1992-04-01,0.0109,-0.0612,0.0436,0.0032
1992-05-01,0.003,0.0041,0.0111,0.0028
1992-06-01,-0.0233,-0.031,0.0324,0.0032
1992-07-01,0.0378,-0.0045,-0.0051,0.0031
1992-08-01,-0.0238,-0.001,-0.0109,0.0026
1992-09-01,0.0119,0.0055,-0.0019,0.0026
1992-10-01,0.0102,0.0211,-0.0198,0.0023
1992-11-01,0.0414,0.0368,-0.0152,0.0023
1992-12-01,0.0153,0.0165,0.0264,0.0028
1993-01-01,0.0093,0.0189,0.059,0.0023
1993-02-01,0.0012,-0.0339,0.0648,0.0022
1993-03-01,0.0232,0.0029,0.0126,0.0025
1993-04-01,-0.0305,-0.0062,0.0255,0.0024
1993-05-01,0.0289,0.0206,-0.0346,0.0022
1993-06-01,0.003,-0.003,0.0264,0.0025
1993-07-01,-0.0034,0.0096,0.0287,0.0024
1993-08-01,0.0372,0.0012,0.0018,0.0025
1993-09-01,-0.0012,0.0307,-0.0024,0.0026
1993-10-01,0.0142,0.0199,-0.0278,0.0022
1993-11-01,-0.0187,-0.0126,-0.0078,0.0025
1993-12-01,0.0165,0.0118,0.0025,0.0023
1994-01-01,0.0287,0.0034,0.011,0.0025
1994-02-01,-0.0255,0.0276,-0.0152,0.0021
1994-03-01,-0.0479,-0.0108,0.0167,0.0027
1994-04-01,0.0068,-0.0093,0.0166,0.0027
1994-05-01,0.0058,-0.0208,0.006,0.0032
1994-06-01,-0.0304,-0.0042,0.0177,0.0031
1994-07-01,0.0282,-0.0177,0.0059,0.0028
1994-08-01,0.0402,0.0153,-0.026,0.0037
1994-09-01,-0.0228,0.0303,-0.0179,0.0037
1994-10-01,0.0135,-0.0216,-0.0167,0.0038
1994-11-01,-0.0403,0.0033,-0.0074,0.0037
1994-12-01,0.0086,0.0015,-0.001,0.0044
1995-01-01,0.018,-0.0349,0.0258,0.0042
1995-02-01,0.0363,-0.0057,0.0098,0.004
1995-03-01,0.0219,-0.0018,-0.0216,0.0046
1995-04-01,0.0211,-0.0052,0.0167,0.0044
1995-05-01,0.029,-0.0253,0.0228,0.0054
1995-06-01,0.0272,0.0314,-0.0252,0.0047
1995-07-01,0.0371,0.0211,-0.0157,0.0045
1995-08-01,0.0055,0.0131,0.0268,0.0047
1995-09-01,0.0336,-0.0217,-0.0011,0.0043
1995-10-01,-0.0151,-0.0381,-0.0048,0.0047
1995-11-01,0.0396,-0.0112,0.0052,0.0042
1995-12-01,0.0104,0.0066,0.0024,0.0049
1996-01-01,0.0226,-0.0282,0.0045,0.0043
1996-02-01,0.0133,0.0178,-0.0105,0.0039
1996-03-01,0.0074,0.0144,0.0042,0.0039
1996-04-01,0.0206,0.052,-0.0396,0.0046
1996-05-01,0.0236,0.0321,-0.0091,0.0042
1996-06-01,-0.0113,-0.04,0.0233,0.004
1996-07-01,-0.0596,-0.0431,0.0519,0.0045
1996-08-01,0.0277,0.0245,-0.008,0.0041
1996-09-01,0.0501,-0.0102,-0.0275,0.0044
1996-10-01,0.0087,-0.0439,0.0487,0.0042
1996-11-01,0.0625,-0.0402,0.0138,0.0041
1996-12-01,-0.017,0.0313,0.0127,0.0046
1997-01-01,0.0496,-0.0194,-0.0143,0.0045
1997-02-01,-0.0048,-0.0317,0.0562,0.0039
1997-03-01,-0.0502,-0.0033,0.0337,0.0043
1997-04-01,0.0404,-0.0576,3e-04,0.0043
1997-05-01,0.0673,0.0513,-0.0413,0.0049
1997-06-01,0.041,0.0119,0.0147,0.0037
1997-07-01,0.0731,-0.0273,0.0013,0.0043
1997-08-01,-0.041,0.0715,0.0113,0.0041
1997-09-01,0.0534,0.0254,0.0024,0.0044
1997-10-01,-0.038,-0.0071,0.0233,0.0042
1997-11-01,0.0299,-0.0511,0.0122,0.0039
1997-12-01,0.0133,-0.0248,0.0374,0.0048
1998-01-01,0.0015,-0.0101,-0.0168,0.0043
1998-02-01,0.0703,0.0013,-0.0093,0.0039
1998-03-01,0.0476,-0.0119,0.0138,0.0039
1998-04-01,0.0074,6e-04,0.0103,0.0043
1998-05-01,-0.0307,-0.034,0.0341,0.004
1998-06-01,0.0319,-0.0317,-0.0203,0.0041
1998-07-01,-0.0242,-0.0482,-0.0181,0.004
1998-08-01,-0.1605,-0.0546,0.0359,0.0043
1998-09-01,0.0619,0,-0.0351,0.0046
1998-10-01,0.0698,-0.0297,-0.0237,0.0032
1998-11-01,0.0607,0.0122,-0.0317,0.0031
1998-12-01,0.0615,-0.0047,-0.0425,0.0038
1999-01-01,0.0348,0.0066,-0.0442,0.0035
1999-02-01,-0.0408,-0.0599,0.0189,0.0035
1999-03-01,0.0348,-0.0387,-0.0256,0.0043
1999-04-01,0.0434,0.0388,0.0238,0.0037
1999-05-01,-0.0246,0.0334,0.025,0.0034
1999-06-01,0.0477,0.0321,-0.0322,0.004
1999-07-01,-0.0349,0.0249,-0.0018,0.0038
1999-08-01,-0.0137,-0.0094,-0.0192,0.0039
1999-09-01,-0.0277,0.0313,-0.029,0.0039
1999-10-01,0.0609,-0.0693,-0.0288,0.0039
1999-11-01,0.0341,0.0684,-0.0565,0.0036
1999-12-01,0.0766,0.0652,-0.0767,0.0044
2000-01-01,-0.0474,0.0512,-0.011,0.0041
2000-02-01,0.0246,0.2134,-0.0973,0.0043
2000-03-01,0.0521,-0.1739,0.0848,0.0047
2000-04-01,-0.0639,-0.0603,0.0645,0.0046
2000-05-01,-0.0439,-0.0607,0.0458,0.005
2000-06-01,0.0468,0.1269,-0.0803,0.004
2000-07-01,-0.0248,-0.0282,0.081,0.0048
2000-08-01,0.0703,-0.005,-0.014,0.005
2000-09-01,-0.0544,-0.0172,0.0722,0.0051
2000-10-01,-0.0278,-0.0383,0.0564,0.0056
2000-11-01,-0.107,-0.0307,0.1225,0.0051
2000-12-01,0.0118,0.0085,0.0754,0.005
2001-01-01,0.0325,0.0639,-0.0506,0.0054
2001-02-01,-0.1003,-0.0064,0.1222,0.0038
2001-03-01,-0.0725,0.0027,0.0649,0.0042
2001-04-01,0.0793,0.0047,-0.0467,0.0039
2001-05-01,0.0068,0.0249,0.0339,0.0032
2001-06-01,-0.0194,0.0632,-0.012,0.0028
2001-07-01,-0.0213,-0.0406,0.0495,0.003
2001-08-01,-0.064,0.0219,0.0286,0.0031
2001-09-01,-0.0924,-0.0623,0.0152,0.0028
2001-10-01,0.0248,0.0749,-0.0731,0.0022
2001-11-01,0.0753,-0.0057,0.0217,0.0017
2001-12-01,0.0161,0.0472,0.0083,0.0015
2002-01-01,-0.0144,0.0117,0.0342,0.0014
2002-02-01,-0.023,-0.0108,0.0234,0.0013
2002-03-01,0.0424,0.0409,0.0108,0.0013
2002-04-01,-0.0521,0.0582,0.0401,0.0015
2002-05-01,-0.0136,-0.0327,0.0152,0.0014
2002-06-01,-0.0723,0.0408,0.0037,0.0013
2002-07-01,-0.0819,-0.0524,-0.0358,0.0015
2002-08-01,0.005,-0.0279,0.0296,0.0014
2002-09-01,-0.1034,0.0242,0.0127,0.0014
2002-10-01,0.0784,-0.034,-0.0374,0.0014
2002-11-01,0.0596,0.0325,-0.0123,0.0012
2002-12-01,-0.0576,-3e-04,0.0216,0.0011
2003-01-01,-0.0257,0.0134,-0.0084,0.001
2003-02-01,-0.0188,-0.0041,-0.0142,9e-04
2003-03-01,0.0109,0.0116,-0.0206,0.001
2003-04-01,0.0818,0.0075,0.012,0.001
2003-05-01,0.0605,0.0461,0.0063,9e-04
2003-06-01,0.0142,0.0169,0.002,0.001
2003-07-01,0.0233,0.0493,-0.0154,7e-04
2003-08-01,0.0233,0.0244,0.0164,7e-04
2003-09-01,-0.0124,0.0085,0.0014,8e-04
2003-10-01,0.0608,0.0259,0.0221,7e-04
2003-11-01,0.0135,0.0206,0.0172,7e-04
2003-12-01,0.0429,-0.0268,0.0151,8e-04
2004-01-01,0.0215,0.0254,0.0242,7e-04
2004-02-01,0.014,-0.0157,0.0095,6e-04
2004-03-01,-0.0132,0.0173,0.0023,9e-04
2004-04-01,-0.0181,-0.0173,-0.0323,8e-04
2004-05-01,0.0118,-0.0023,-0.0018,6e-04
2004-06-01,0.0185,0.0225,0.0121,8e-04
2004-07-01,-0.0404,-0.0375,0.0322,0.001
2004-08-01,7e-04,-0.0151,0.0107,0.0011
2004-09-01,0.016,0.0299,-5e-04,0.0011
2004-10-01,0.0142,0.0014,-0.0026,0.0011
2004-11-01,0.0453,0.0373,0.0157,0.0015
2004-12-01,0.0342,-4e-04,-0.0022,0.0016
2005-01-01,-0.0275,-0.0169,0.021,0.0016
2005-02-01,0.0188,-0.0059,0.0144,0.0016
2005-03-01,-0.0194,-0.0142,0.0208,0.0021
2005-04-01,-0.0261,-0.0395,9e-04,0.0021
2005-05-01,0.0365,0.0287,-0.0061,0.0024
2005-06-01,0.0058,0.0252,0.0286,0.0023
2005-07-01,0.0392,0.0287,-0.0078,0.0024
2005-08-01,-0.012,-0.0107,0.0134,0.003
2005-09-01,0.0048,-0.0062,0.0078,0.0029
2005-10-01,-0.0204,-0.013,0.0043,0.0027
2005-11-01,0.0361,0.0105,-0.0119,0.0031
2005-12-01,-0.0024,-0.0044,0.0015,0.0032
2006-01-01,0.0303,0.0546,0.0099,0.0035
2006-02-01,-0.003,-0.0041,-0.0031,0.0034
2006-03-01,0.0147,0.0339,0.0061,0.0037
2006-04-01,0.0073,-0.0138,0.0226,0.0036
2006-05-01,-0.0356,-0.0301,0.0238,0.0043
2006-06-01,-0.0035,-0.0035,0.0085,0.004
2006-07-01,-0.0077,-0.0396,0.0262,0.004
2006-08-01,0.0203,0.0099,-0.0195,0.0042
2006-09-01,0.0184,-0.013,7e-04,0.0041
2006-10-01,0.0322,0.0177,-0.0033,0.0041
2006-11-01,0.017,0.0063,3e-04,0.0042
2006-12-01,0.0085,-0.0116,0.0275,0.004
2007-01-01,0.0138,9e-04,-0.0068,0.0044
2007-02-01,-0.0196,0.0123,-9e-04,0.0038
2007-03-01,0.0071,9e-04,-0.0089,0.0043
2007-04-01,0.0349,-0.0221,-0.0144,0.0044
2007-05-01,0.0323,0.0016,-0.0058,0.0041
2007-06-01,-0.0196,0.0072,-0.0104,0.004
2007-07-01,-0.0372,-0.0269,-0.0371,0.004
2007-08-01,0.0094,-0.0013,-0.0189,0.0042
2007-09-01,0.0322,-0.0228,-0.0213,0.0032
2007-10-01,0.0179,0.0014,-0.0282,0.0032
2007-11-01,-0.048,-0.0281,-0.0109,0.0034
2007-12-01,-0.0087,0.0012,-0.0048,0.0027
2008-01-01,-0.0633,-0.0096,0.0402,0.0021
2008-02-01,-0.0309,-0.0046,-0.0071,0.0013
2008-03-01,-0.0094,0.0077,0.0034,0.0017
2008-04-01,0.0461,-0.0174,-0.0099,0.0018
2008-05-01,0.0187,0.0293,-0.0157,0.0018
2008-06-01,-0.0843,0.0116,-0.0249,0.0017
2008-07-01,-0.0075,0.0261,0.0521,0.0015
2008-08-01,0.0153,0.0339,0.0151,0.0013
2008-09-01,-0.0935,-0.0106,0.0565,0.0015
2008-10-01,-0.172,-0.0229,-0.0192,8e-04
2008-11-01,-0.0774,-0.0299,-0.0621,3e-04
2008-12-01,0.0177,0.0349,2e-04,0
2009-01-01,-0.0809,-1e-04,-0.1101,0
2009-02-01,-0.1014,0.0014,-0.0659,1e-04
2009-03-01,0.0901,-9e-04,0.0347,2e-04
2009-04-01,0.1017,0.0537,0.0537,1e-04
2009-05-01,0.0521,-0.0242,0.0043,0
2009-06-01,0.0042,0.0259,-0.0278,1e-04
2009-07-01,0.0774,0.0175,0.0489,1e-04
2009-08-01,0.0333,-0.0112,0.076,1e-04
2009-09-01,0.0408,0.0243,0.0115,1e-04
2009-10-01,-0.0253,-0.0426,-0.0417,0
2009-11-01,0.0563,-0.025,-0.0033,0
2009-12-01,0.028,0.0601,-0.0011,1e-04
2010-01-01,-0.0335,0.0043,0.0033,0
2010-02-01,0.0339,0.0118,0.0318,0
2010-03-01,0.063,0.0146,0.0219,1e-04
2010-04-01,0.0199,0.0484,0.0296,1e-04
2010-05-01,-0.079,0.0013,-0.0248,1e-04
2010-06-01,-0.0556,-0.0179,-0.0473,1e-04
2010-07-01,0.0692,0.0023,-0.0049,1e-04
2010-08-01,-0.0478,-0.0301,-0.0173,1e-04
2010-09-01,0.0955,0.0382,-0.0302,1e-04
2010-10-01,0.0387,0.0108,-0.0246,1e-04
2010-11-01,0.0059,0.0367,-0.009,1e-04
2010-12-01,0.0682,0.0072,0.0356,1e-04
2011-01-01,0.0198,-0.0229,0.0061,1e-04
2011-02-01,0.0348,0.015,0.0118,1e-04
2011-03-01,0.0045,0.0249,-0.0184,1e-04
2011-04-01,0.029,-0.0042,-0.0244,0
2011-05-01,-0.0127,-0.0073,-0.0185,0
2011-06-01,-0.0174,-0.0027,-0.002,0
2011-07-01,-0.0235,-0.0118,-0.009,0
2011-08-01,-0.0596,-0.0296,-0.0243,1e-04
2011-09-01,-0.0758,-0.0312,-0.0153,0
2011-10-01,0.1133,0.0305,6e-04,0
2011-11-01,-0.0027,-0.0018,-0.0052,0
2011-12-01,0.0075,-0.0056,0.0154,0
2012-01-01,0.0505,0.0201,-0.0093,0
2012-02-01,0.0442,-0.0184,0.0042,0
2012-03-01,0.0312,-0.0063,0.0119,0
2012-04-01,-0.0085,-0.0037,-0.0077,0
2012-05-01,-0.0617,0.0012,-0.0095,1e-04
2012-06-01,0.0389,0.0072,0.0055,0
2012-07-01,0.0079,-0.0276,-6e-04,0
2012-08-01,0.0254,0.0048,0.0125,1e-04
2012-09-01,0.0273,0.0045,0.0163,1e-04
2012-10-01,-0.0176,-0.011,0.0352,1e-04
2012-11-01,0.0078,0.006,-0.0087,1e-04
2012-12-01,0.0118,0.0149,0.0352,1e-04
2013-01-01,0.0557,0.0028,0.0101,0
2013-02-01,0.0128,-0.0029,0.0018,0
2013-03-01,0.0404,0.0083,-0.0021,0
2013-04-01,0.0156,-0.0237,0.0046,0
2013-05-01,0.028,0.0167,0.0271,0
2013-06-01,-0.012,0.0131,-4e-04,0
2013-07-01,0.0565,0.0182,0.0057,0
2013-08-01,-0.0271,0.0032,-0.0273,0
2013-09-01,0.0377,0.0289,-0.0118,0
2013-10-01,0.0417,-0.0156,0.0122,0
2013-11-01,0.0311,0.0131,0.0019,0
2013-12-01,0.0281,-0.0044,0,0
2014-01-01,-0.0332,0.0093,-0.0199,0
2014-02-01,0.0466,0.0036,-0.0035,0
2014-03-01,0.0043,-0.0186,0.049,0
2014-04-01,-0.0018,-0.0418,0.0122,0
2014-05-01,0.0205,-0.0185,-0.001,0
2014-06-01,0.026,0.0305,-0.0071,0
2014-07-01,-0.0203,-0.0417,-8e-04,0
2014-08-01,0.0424,0.004,-0.0058,0
2014-09-01,-0.0196,-0.036,-0.0147,0
2014-10-01,0.0251,0.0402,-0.0167,0
2014-11-01,0.0256,-0.0205,-0.0313,0
2014-12-01,-5e-04,0.0252,0.0211,0
2015-01-01,-0.031,-0.0061,-0.0348,0
2015-02-01,0.0613,0.0064,-0.0175,0
2015-03-01,-0.0111,0.0306,-0.0038,0
2015-04-01,0.0059,-0.0298,0.0181,0
2015-05-01,0.0137,0.0096,-0.011,0
2015-06-01,-0.0152,0.0295,-0.008,0
2015-07-01,0.0157,-0.0417,-0.0416,0
2015-08-01,-0.0602,0.0037,0.0275,0
2015-09-01,-0.0306,-0.0263,0.0055,0
2015-10-01,0.0775,-0.0191,-0.0046,0
2015-11-01,0.0057,0.0358,-0.0043,0
2015-12-01,-0.0215,-0.028,-0.0257,1e-04
2016-01-01,-0.0574,-0.034,0.0208,1e-04
2016-02-01,-6e-04,0.0073,-0.0061,2e-04
2016-03-01,0.0695,0.0075,0.0123,2e-04
2016-04-01,0.0092,0.0077,0.0322,1e-04
2016-05-01,0.0178,-0.0018,-0.0162,1e-04
2016-06-01,-3e-04,0.006,-0.0149,2e-04
2016-07-01,0.0394,0.0247,-0.0127,2e-04
2016-08-01,0.0049,0.0119,0.0317,2e-04
2016-09-01,0.0027,0.0209,-0.0122,2e-04
2016-10-01,-0.0201,-0.0441,0.041,2e-04
2016-11-01,0.0486,0.056,0.0832,1e-04
2016-12-01,0.0181,0.0013,0.035,3e-04
2017-01-01,0.0194,-0.0116,-0.0274,4e-04
2017-02-01,0.0355,-0.0213,-0.0152,4e-04
2017-03-01,0.0017,0.0113,-0.0333,3e-04
2017-04-01,0.0108,0.0068,-0.0208,5e-04
2017-05-01,0.0107,-0.0251,-0.0382,6e-04
2017-06-01,0.0079,0.0222,0.0151,6e-04
2017-07-01,0.0188,-0.0145,-0.0023,7e-04
2017-08-01,0.0018,-0.0167,-0.0213,9e-04
2017-09-01,0.0249,0.0445,0.0315,9e-04
2017-10-01,0.0226,-0.0193,0.0013,9e-04
2017-11-01,0.0312,-0.006,-9e-04,8e-04
2017-12-01,0.0106,-0.0132,5e-04,9e-04
2018-01-01,0.0558,-0.0316,-0.0132,0.0011
2018-02-01,-0.0364,0.0027,-0.011,0.0011
2018-03-01,-0.0235,0.0405,-0.0021,0.0012
2018-04-01,0.0027,0.0109,0.0053,0.0014
2018-05-01,0.0266,0.0524,-0.0314,0.0014
2018-06-01,0.0049,0.0111,-0.0233,0.0014
2018-07-01,0.032,-0.0222,0.0047,0.0016
2018-08-01,0.0345,0.0117,-0.0393,0.0016
2018-09-01,6e-04,-0.0229,-0.0168,0.0015
2018-10-01,-0.0765,-0.0467,0.0343,0.0019
2018-11-01,0.0171,-0.0072,0.0034,0.0018
2018-12-01,-0.0955,-0.0233,-0.0188,0.0019
2019-01-01,0.0837,0.0273,-0.004,0.0021
2019-02-01,0.0342,0.0205,-0.0266,0.0018
2019-03-01,0.011,-0.0306,-0.0416,0.0019
2019-04-01,0.0397,-0.0169,0.0213,0.0021
2019-05-01,-0.0692,-0.0122,-0.0236,0.0021
2019-06-01,0.0699,0.001,-0.0072,0.0018
2019-07-01,0.0123,-0.0196,0.005,0.0019
2019-08-01,-0.0255,-0.0239,-0.0477,0.0016
2019-09-01,0.0141,-0.0097,0.0676,0.0018
2019-10-01,0.0207,0.0027,-0.0192,0.0015
2019-11-01,0.0387,0.0072,-0.02,0.0012
2019-12-01,0.0277,0.0076,0.0173,0.0014
2020-01-01,-0.0011,-0.031,-0.0622,0.0013
2020-02-01,-0.0815,0.0108,-0.0382,0.0012
2020-03-01,-0.1337,-0.0469,-0.1383,0.0012
2020-04-01,0.136,0.025,-0.0134,0
2020-05-01,0.0557,0.024,-0.05,1e-04
2020-06-01,0.0245,0.0267,-0.0217,1e-04
2020-07-01,0.0583,-0.0235,-0.0144,1e-04
2020-08-01,0.0762,-0.002,-0.0302,1e-04
2020-09-01,-0.0364,6e-04,-0.0272,1e-04
2020-10-01,-0.0208,0.0434,0.0425,1e-04
2020-11-01,0.1245,0.0581,0.0209,1e-04
2020-12-01,0.0463,0.0501,-0.0168,1e-04
2021-01-01,-7e-04,0.0714,0.0322,0
2021-02-01,0.0281,0.0202,0.072,0
2021-03-01,0.0317,-0.0233,0.0735,0
2021-04-01,0.0495,-0.0319,-0.0102,0
2021-05-01,0.003,-0.002,0.0704,0
2021-06-01,0.0274,0.017,-0.0786,0
2021-07-01,0.0134,-0.0393,-0.018,0
2021-08-01,0.0294,-0.0032,-0.0023,0
2021-09-01,-0.044,0.0066,0.0512,0
2021-10-01,0.0663,-0.0226,-0.0053,0
2021-11-01,-0.0158,-0.0131,-0.0037,0
2021-12-01,0.0323,-0.0163,0.0325,1e-04
2022-01-01,-0.0616,-0.0593,0.1286,0
2022-02-01,-0.0228,0.0216,0.0306,0
2022-03-01,0.0308,-0.0155,-0.019,0
2022-04-01,-0.0941,-0.0135,0.0618,0
2022-05-01,-0.0034,-0.0184,0.0844,3e-04
2022-06-01,-0.084,0.0207,-0.06,6e-04
2022-07-01,0.0957,0.0286,-0.0413,8e-04
2022-08-01,-0.0377,0.0141,0.0018,0.0019
2022-09-01,-0.0934,-0.0076,3e-04,0.0019
2022-10-01,0.0785,1e-04,0.0797,0.0023
2022-11-01,0.0465,-0.0357,0.0148,0.0029
2022-12-01,-0.0638,-0.0076,0.0134,0.0033
2023-01-01,0.0661,0.0501,-0.0394,0.0035
2023-02-01,-0.0257,0.0105,-0.008,0.0034
2023-03-01,0.0248,-0.0548,-0.0905,0.0036
2023-04-01,0.0062,-0.0337,-0.0012,0.0035
2023-05-01,0.0034,0.016,-0.0779,0.0036
2023-06-01,0.0646,0.0149,-0.0013,0.004
2023-07-01,0.0321,0.0205,0.0406,0.0045
2023-08-01,-0.0236,-0.0313,-0.0115,0.0045
2023-09-01,-0.0523,-0.025,0.015,0.0043
2023-10-01,-0.0315,-0.0387,0.0022,0.0047
2023-11-01,0.0888,-0.0011,0.0166,0.0044
2023-12-01,0.0485,0.0628,0.0487,0.0043
2024-01-01,0.0073,-0.0504,-0.0237,0.0047
2024-02-01,0.0507,-0.0026,-0.0343,0.0042
2024-03-01,0.0284,-0.025,0.0416,0.0043
2024-04-01,-0.0465,-0.0238,-0.0045,0.0047
2024-05-01,0.0433,0.0053,-0.0133,0.0044
2024-06-01,0.028,-0.03,-0.0336,0.0041
2024-07-01,0.0122,0.0681,0.0557,0.0045
2024-08-01,0.016,-0.0349,-0.0113,0.0048
2024-09-01,0.0172,-0.0013,-0.0273,0.004
2024-10-01,-0.01,-0.0095,0.0091,0.0039
2024-11-01,0.0649,0.0449,0.0038,0.004
2024-12-01,-0.0317,-0.027,-0.0297,0.0037
2025-01-01,0.028,-0.02,0.0176,0.0037
2025-02-01,-0.0244,-0.0577,0.0484,0.0033
2025-03-01,-0.0639,-0.0272,0.0287,0.0034
2025-04-01,-0.0084,-0.0057,-0.0329,0.0035
2025-05-01,0.0606,0.0061,-0.0281,0.0038
2025-06-01,0.0486,0.0071,-0.0143,0.0034
2025-07-01,0.0198,0.003,-0.0134,0.0034
2025-08-01,0.0184,0.038,0.0437,0.0038
2025-09-01,0.0339,-0.0183,-0.0105,0.0033
2025-10-01,0.0196,-0.0057,-0.0318,0.0037
2025-11-01,-0.0013,0.004,0.0376,0.003
2025-12-01,-0.0036,-0.0104,0.024,0.0034
2026-01-01,0.0103,0.0218,0.038,0.003
2026-02-01,-0.0117,0.0016,0.028,0.0028
2026-03-01,-0.0518,0.0044,0.0329,0.0029
2026-04-01,0.0995,0.0019,-0.0137,0.0029
2026-05-01,0.0491,-0.0159,-0.0231,0.0031
2026-06-01,-0.0107,0.0339,0.0358,0.0029
2026-07-01,-0.006,-0.0196,0.0211,0.0033
